,name,full_name,clone_url,forks,watchers,open_issues,size,n_branches,len_description,owner,framework
0,onlineShop,ahmednour005/onlineShop,https://github.com/ahmednour005/onlineShop.git,9,12,0,10406,2,59,ahmednour005,angular
1,e-commerce-angular-node,parzibyte/e-commerce-angular-node,https://github.com/parzibyte/e-commerce-angular-node.git,21,13,20,1538,2,55,parzibyte,angular
2,SHOPi,khaledjendi/SHOPi,https://github.com/khaledjendi/SHOPi.git,11,16,2,88787,2,62,khaledjendi,angular
3,OnlineShopAngular,olenijo/OnlineShopAngular,https://github.com/olenijo/OnlineShopAngular.git,13,0,0,2,2,0,olenijo,angular
4,frontend-meang-online-shop,mugan86/frontend-meang-online-shop,https://github.com/mugan86/frontend-meang-online-shop.git,7,11,3,10447,2,107,mugan86,angular
5,DeepCart,DeepGautamFullStack/DeepCart,https://github.com/DeepGautamFullStack/DeepCart.git,15,13,2,120,2,131,DeepGautamFullStack,angular
6,Angular-firebase-onlineShop,TYHXX/Angular-firebase-onlineShop,https://github.com/TYHXX/Angular-firebase-onlineShop.git,3,3,0,3007,2,22,TYHXX,angular
7,warsawjs-workshop-3-online-shop,piecioshka/warsawjs-workshop-3-online-shop,https://github.com/piecioshka/warsawjs-workshop-3-online-shop.git,3,2,0,82,2,36,piecioshka,angular
8,PinYouGou-OnlineShoppingMall,HuangXiaoyuyuyu/PinYouGou-OnlineShoppingMall,https://github.com/HuangXiaoyuyuyu/PinYouGou-OnlineShoppingMall.git,3,3,0,13917,2,84,HuangXiaoyuyuyu,angular
9,angular-ecommerce,Anuradha2018/angular-ecommerce,https://github.com/Anuradha2018/angular-ecommerce.git,3,0,3,52603,2,46,Anuradha2018,angular
10,GamesShop,borakasmer/GamesShop,https://github.com/borakasmer/GamesShop.git,2,10,0,2981,2,86,borakasmer,angular
11,Online-Shopping-Application,adhyantini/Online-Shopping-Application,https://github.com/adhyantini/Online-Shopping-Application.git,2,2,0,1949,2,72,adhyantini,angular
12,oshop,timothyjacque/oshop,https://github.com/timothyjacque/oshop.git,10,17,0,25180,2,450,timothyjacque,angular
13,fonashop,kamdjouduplex/fonashop,https://github.com/kamdjouduplex/fonashop.git,4,1,0,2442,2,79,kamdjouduplex,angular
14,SunriseShopApi,SunriseTEAM/SunriseShopApi,https://github.com/SunriseTEAM/SunriseShopApi.git,3,0,0,45943,2,95,SunriseTEAM,angular
15,devnotMicroservices,borakasmer/devnotMicroservices,https://github.com/borakasmer/devnotMicroservices.git,5,9,0,272,2,402,borakasmer,angular
16,Fresho,shivaneej/Fresho,https://github.com/shivaneej/Fresho.git,2,0,0,407,2,54,shivaneej,angular
17,Online_Shop,MohamedGoharFCIH/Online_Shop,https://github.com/MohamedGoharFCIH/Online_Shop.git,2,0,22,4256,2,146,MohamedGoharFCIH,angular
18,Angular,diyaann/Angular,https://github.com/diyaann/Angular.git,0,0,0,160,2,26,diyaann,angular
19,lokalkauf-frontend,lokalkauf/lokalkauf-frontend,https://github.com/lokalkauf/lokalkauf-frontend.git,1,20,43,173252,2,258,lokalkauf,angular
20,ANGULAR_ONLINE_SHOP,valeriyProg/ANGULAR_ONLINE_SHOP,https://github.com/valeriyProg/ANGULAR_ONLINE_SHOP.git,0,2,2,46917,2,47,valeriyProg,angular
21,BookShop,MsSyrine/BookShop,https://github.com/MsSyrine/BookShop.git,1,2,1,845,2,46,MsSyrine,angular
22,Shop,Sepandard/Shop,https://github.com/Sepandard/Shop.git,0,0,0,453,2,26,Sepandard,angular
23,AngularProject,KhyatiDhiman/AngularProject,https://github.com/KhyatiDhiman/AngularProject.git,0,0,15,2736,2,15,KhyatiDhiman,angular
24,Online-shop-Angular5,IvanNycheporuk/Online-shop-Angular5,https://github.com/IvanNycheporuk/Online-shop-Angular5.git,0,0,0,175,2,11,IvanNycheporuk,angular
25,shop,Yogeshgupta97/shop,https://github.com/Yogeshgupta97/shop.git,0,0,0,288,2,35,Yogeshgupta97,angular
26,shop,nirannjan/shop,https://github.com/nirannjan/shop.git,0,0,0,361,2,31,nirannjan,angular
27,Angular5-OnlineShop,HAREMUTECH/Angular5-OnlineShop,https://github.com/HAREMUTECH/Angular5-OnlineShop.git,0,1,0,33,2,33,HAREMUTECH,angular
28,Shoppo,PulkitBanta/Shoppo,https://github.com/PulkitBanta/Shoppo.git,0,4,9,5569,2,66,PulkitBanta,angular
29,Angular-Shop,jimmyh0-88/Angular-Shop,https://github.com/jimmyh0-88/Angular-Shop.git,0,0,2,440,2,11,jimmyh0-88,angular
30,shop-angular4-,BrifanBelly/shop-angular4-,https://github.com/BrifanBelly/shop-angular4-.git,0,0,0,46,2,38,BrifanBelly,angular
31,online-shop-angular1,AnjeiHolub/online-shop-angular1,https://github.com/AnjeiHolub/online-shop-angular1.git,0,0,0,5707,2,22,AnjeiHolub,angular
32,angularRxJs,Ishu-ui-dev/angularRxJs,https://github.com/Ishu-ui-dev/angularRxJs.git,0,0,0,65,2,21,Ishu-ui-dev,angular
33,angular-os-practice,VitalyBaboshin/angular-os-practice,https://github.com/VitalyBaboshin/angular-os-practice.git,0,0,0,686,2,11,VitalyBaboshin,angular
34,angular-online-market,Liakhov/angular-online-market,https://github.com/Liakhov/angular-online-market.git,0,0,0,322,2,13,Liakhov,angular
35,OnlineShop-AngularTutorial,NWojtow/OnlineShop-AngularTutorial,https://github.com/NWojtow/OnlineShop-AngularTutorial.git,0,0,19,529,2,38,NWojtow,angular
36,OnlineStore,MarnusCoetzee/OnlineStore,https://github.com/MarnusCoetzee/OnlineStore.git,0,0,2,7059,2,33,MarnusCoetzee,angular
37,onlineShopping,vhosamane/onlineShopping,https://github.com/vhosamane/onlineShopping.git,0,0,3,837,2,38,vhosamane,angular
38,ShopOnlineCliente,john3245/ShopOnlineCliente,https://github.com/john3245/ShopOnlineCliente.git,0,0,17,2955,2,7,john3245,angular
39,shoppingOnline,Alongil/shoppingOnline,https://github.com/Alongil/shoppingOnline.git,0,0,0,1296,2,15,Alongil,angular
40,LifeonlineShop,SakBran/LifeonlineShop,https://github.com/SakBran/LifeonlineShop.git,0,0,20,1195,2,31,SakBran,angular
41,ng-online-shop,SergeyLitvin/ng-online-shop,https://github.com/SergeyLitvin/ng-online-shop.git,0,0,0,514,2,22,SergeyLitvin,angular
42,Stop-to-Shop,Swetaben/Stop-to-Shop,https://github.com/Swetaben/Stop-to-Shop.git,0,0,2,447,2,27,Swetaben,angular
43,angular-internet-shop,username40/angular-internet-shop,https://github.com/username40/angular-internet-shop.git,0,0,0,115,2,19,username40,angular
44,myShop,Jalexx08/myShop,https://github.com/Jalexx08/myShop.git,0,0,0,74,2,28,Jalexx08,angular
45,DemoOnilineShop,sagarluitel01/DemoOnilineShop,https://github.com/sagarluitel01/DemoOnilineShop.git,0,0,0,144,2,19,sagarluitel01,angular
46,shop-website,Ivan-Volosevich/shop-website,https://github.com/Ivan-Volosevich/shop-website.git,0,0,0,5748,2,29,Ivan-Volosevich,angular
47,ShopShoes,ummeq/ShopShoes,https://github.com/ummeq/ShopShoes.git,0,0,19,141,2,31,ummeq,angular
48,oShop,MRamadanF/oShop,https://github.com/MRamadanF/oShop.git,0,0,0,157,2,23,MRamadanF,angular
49,Angular8,riteshbhambhani/Angular8,https://github.com/riteshbhambhani/Angular8.git,0,0,2,3333,2,35,riteshbhambhani,angular
50,AngularShopping,IdoHeffer/AngularShopping,https://github.com/IdoHeffer/AngularShopping.git,0,1,4,38411,2,40,IdoHeffer,angular
51,online-shopping,ankit-mishra-edu/online-shopping,https://github.com/ankit-mishra-edu/online-shopping.git,0,0,1,15283,2,34,ankit-mishra-edu,angular
52,OnlineShop,resslen/OnlineShop,https://github.com/resslen/OnlineShop.git,0,0,0,359,2,23,resslen,angular
53,onlineshop-angular4-,samisaeed/onlineshop-angular4-,https://github.com/samisaeed/onlineshop-angular4-.git,0,0,0,142,2,30,samisaeed,angular
54,onlineShop_client,ashulyaev93/onlineShop_client,https://github.com/ashulyaev93/onlineShop_client.git,0,0,0,213,2,15,ashulyaev93,angular
55,online-shop,loisch22/online-shop,https://github.com/loisch22/online-shop.git,0,0,0,81,2,7,loisch22,angular
56,ShopOnline-Front,MarlenArb/ShopOnline-Front,https://github.com/MarlenArb/ShopOnline-Front.git,0,0,14,29266,2,9,MarlenArb,angular
57,angularOnlineShopping,codeapps/angularOnlineShopping,https://github.com/codeapps/angularOnlineShopping.git,0,1,1,13783,2,33,codeapps,angular
58,onlineshoppingclient,somesh1993/onlineshoppingclient,https://github.com/somesh1993/onlineshoppingclient.git,0,0,19,606,2,32,somesh1993,angular
59,AngularShopping,jexpop/AngularShopping,https://github.com/jexpop/AngularShopping.git,0,1,0,504,2,24,jexpop,angular
60,angular-fc-lourenco,lourencovw/angular-fc-lourenco,https://github.com/lourencovw/angular-fc-lourenco.git,0,0,17,2591,2,19,lourencovw,angular
61,OnlineShop,chavesrodolfo/OnlineShop,https://github.com/chavesrodolfo/OnlineShop.git,0,0,0,1004,2,33,chavesrodolfo,angular
62,onlineShop-back,noa-s/onlineShop-back,https://github.com/noa-s/onlineShop-back.git,0,0,0,4152,2,27,noa-s,angular
63,Angular-OnlineShop,08-albert/Angular-OnlineShop,https://github.com/08-albert/Angular-OnlineShop.git,0,0,0,857,2,24,08-albert,angular
64,OnlineShopWebConsumer,kflorczyk/OnlineShopWebConsumer,https://github.com/kflorczyk/OnlineShopWebConsumer.git,0,0,0,1112,2,30,kflorczyk,angular
65,OnlineShopApp,sarahvdb/OnlineShopApp,https://github.com/sarahvdb/OnlineShopApp.git,0,0,0,47879,2,16,sarahvdb,angular
66,OnlineShoppingCart,Kusuma18/OnlineShoppingCart,https://github.com/Kusuma18/OnlineShoppingCart.git,0,0,10,1350,2,40,Kusuma18,angular
67,shop-online,renatodysouza/shop-online,https://github.com/renatodysouza/shop-online.git,0,0,0,470,2,25,renatodysouza,angular
68,Shopping-Online,ofirtalbi/Shopping-Online,https://github.com/ofirtalbi/Shopping-Online.git,0,0,0,2731,2,35,ofirtalbi,angular
69,Online-Grocery,kokilaMurugasamy/Online-Grocery,https://github.com/kokilaMurugasamy/Online-Grocery.git,0,0,2,5016,2,38,kokilaMurugasamy,angular
70,online_shop,VictoriyaSheifer/online_shop,https://github.com/VictoriyaSheifer/online_shop.git,0,0,0,95395,2,30,VictoriyaSheifer,angular
71,online-shop,programmingvidya/online-shop,https://github.com/programmingvidya/online-shop.git,0,0,0,104,2,15,programmingvidya,angular
72,online-shop,devqi/online-shop,https://github.com/devqi/online-shop.git,0,0,18,2707,2,16,devqi,angular
73,OnlineGroupShopping,amandademetrio/OnlineGroupShopping,https://github.com/amandademetrio/OnlineGroupShopping.git,0,0,0,21365,2,43,amandademetrio,angular
74,OnlineShoppingDemo,seshasaik/OnlineShoppingDemo,https://github.com/seshasaik/OnlineShoppingDemo.git,0,0,20,984,2,36,seshasaik,angular
75,Online-Shopping-Demo,msureshmewara/Online-Shopping-Demo,https://github.com/msureshmewara/Online-Shopping-Demo.git,0,0,16,4419,2,7,msureshmewara,angular
76,ShopOnline,Aravindharigoppula/ShopOnline,https://github.com/Aravindharigoppula/ShopOnline.git,0,1,0,290,2,55,Aravindharigoppula,angular
77,eshop-app,princekumardev/eshop-app,https://github.com/princekumardev/eshop-app.git,0,0,0,344,2,40,princekumardev,angular
78,online-shop-angular,plongnguyen/online-shop-angular,https://github.com/plongnguyen/online-shop-angular.git,0,0,0,5316,2,32,plongnguyen,angular
79,Angular-Shop,Edmund27/Angular-Shop,https://github.com/Edmund27/Angular-Shop.git,0,0,0,142,2,27,Edmund27,angular
80,simple-shop-angular,OlesMelnik/simple-shop-angular,https://github.com/OlesMelnik/simple-shop-angular.git,0,0,0,165,2,29,OlesMelnik,angular
81,angularjs-shoppinglist,colinbut/angularjs-shoppinglist,https://github.com/colinbut/angularjs-shoppinglist.git,0,0,0,65,2,39,colinbut,angular
82,Oshop,akidondovdorj/Oshop,https://github.com/akidondovdorj/Oshop.git,0,1,0,26,2,31,akidondovdorj,angular
83,Online-Food-Shopping-app,adelmaek/Online-Food-Shopping-app,https://github.com/adelmaek/Online-Food-Shopping-app.git,0,0,18,2640,2,34,adelmaek,angular
84,eShop,LEEZYDAPROGRAMMER/eShop,https://github.com/LEEZYDAPROGRAMMER/eShop.git,0,0,19,1770,2,34,LEEZYDAPROGRAMMER,angular
85,oshopping,prakashpun/oshopping,https://github.com/prakashpun/oshopping.git,1,1,21,2452,2,35,prakashpun,angular
86,oshop,denisberndt/oshop,https://github.com/denisberndt/oshop.git,0,1,0,608,2,34,denisberndt,angular
87,WebNeostore,jyotij789/WebNeostore,https://github.com/jyotij789/WebNeostore.git,0,0,0,306,2,40,jyotij789,angular
88,Shop.github.io,alinanohas/Shop.github.io,https://github.com/alinanohas/Shop.github.io.git,0,0,0,253,2,34,alinanohas,angular
89,e-commerce,lajith111/e-commerce,https://github.com/lajith111/e-commerce.git,1,2,0,154,2,30,lajith111,angular
90,devschool,pouyio/devschool,https://github.com/pouyio/devschool.git,0,0,0,147,2,40,pouyio,angular
91,shopping-angular-app,HeloyoM/shopping-angular-app,https://github.com/HeloyoM/shopping-angular-app.git,0,0,0,148,2,44,HeloyoM,angular
92,OnlineShopSPA,mizonov-iv/OnlineShopSPA,https://github.com/mizonov-iv/OnlineShopSPA.git,0,0,0,329,2,30,mizonov-iv,angular
93,OnlineShoppingPortal,ThomasMGilman/OnlineShoppingPortal,https://github.com/ThomasMGilman/OnlineShoppingPortal.git,0,0,0,302,2,40,ThomasMGilman,angular
94,ShoppingOnline-Fullstack,NadavBarmatz/ShoppingOnline-Fullstack,https://github.com/NadavBarmatz/ShoppingOnline-Fullstack.git,0,0,0,18299,2,44,NadavBarmatz,angular
95,ngOnlineShoppingCart,praisejoseph/ngOnlineShoppingCart,https://github.com/praisejoseph/ngOnlineShoppingCart.git,0,0,0,1107,2,39,praisejoseph,angular
96,online-shop1,guramijibladze/online-shop1,https://github.com/guramijibladze/online-shop1.git,0,0,0,155,2,27,guramijibladze,angular
97,OnlineShop_2nd_release,Alihkz1/OnlineShop_2nd_release,https://github.com/Alihkz1/OnlineShop_2nd_release.git,0,1,0,943,2,28,Alihkz1,angular
98,shop-online,nirrdev1989/shop-online,https://github.com/nirrdev1989/shop-online.git,0,0,2,14621,2,11,nirrdev1989,angular
99,AngularCartApp,ameysawant8955/AngularCartApp,https://github.com/ameysawant8955/AngularCartApp.git,0,0,4,643,2,40,ameysawant8955,angular
100,Online-shop,Angular2-Directive5/Online-shop,https://github.com/Angular2-Directive5/Online-shop.git,0,0,0,58,2,22,Angular2-Directive5,angular
101,online-shop,kihuynh/online-shop,https://github.com/kihuynh/online-shop.git,0,0,0,118,2,35,kihuynh,angular
102,online-shopping,rsreenidhi/online-shopping,https://github.com/rsreenidhi/online-shopping.git,0,0,3,565,2,30,rsreenidhi,angular
103,online-shopping,chethan1996/online-shopping,https://github.com/chethan1996/online-shopping.git,0,0,2,767,2,16,chethan1996,angular
104,OnlineShoppingAngular,arvind1903/OnlineShoppingAngular,https://github.com/arvind1903/OnlineShoppingAngular.git,0,0,0,1203,2,0,arvind1903,angular
105,OnlineShop_Angular-CSharp,Claudiu-Badilas/OnlineShop_Angular-CSharp,https://github.com/Claudiu-Badilas/OnlineShop_Angular-CSharp.git,0,0,0,3742,2,0,Claudiu-Badilas,angular
106,OnlineShopTask-angular,PaskalevStoyan/OnlineShopTask-angular,https://github.com/PaskalevStoyan/OnlineShopTask-angular.git,0,0,0,994,2,52,PaskalevStoyan,angular
107,OnlineShop-Angular,miloszkulesza/OnlineShop-Angular,https://github.com/miloszkulesza/OnlineShop-Angular.git,0,0,19,5354,2,46,miloszkulesza,angular
108,OnlineShoppingAngularjsOdata,saulhamid/OnlineShoppingAngularjsOdata,https://github.com/saulhamid/OnlineShoppingAngularjsOdata.git,1,0,1,28602,2,28,saulhamid,angular
109,BIU_Angular_OnlineShop,s19766/BIU_Angular_OnlineShop,https://github.com/s19766/BIU_Angular_OnlineShop.git,0,0,0,370,2,0,s19766,angular
110,onlineShopAngular,arthur-wolf/onlineShopAngular,https://github.com/arthur-wolf/onlineShopAngular.git,0,0,0,2644,2,0,arthur-wolf,angular
111,OnlineShopping_Angular,arundhatic/OnlineShopping_Angular,https://github.com/arundhatic/OnlineShopping_Angular.git,0,0,0,72073,2,0,arundhatic,angular
112,Angular.OnlineShop,MarcLignarius/Angular.OnlineShop,https://github.com/MarcLignarius/Angular.OnlineShop.git,0,0,2,384,2,119,MarcLignarius,angular
113,OnlineShopAngular2,Ngvanphong/OnlineShopAngular2,https://github.com/Ngvanphong/OnlineShopAngular2.git,0,0,0,944,2,0,Ngvanphong,angular
114,Angular_OnlineShop,ArtemIgnatiev908976/Angular_OnlineShop,https://github.com/ArtemIgnatiev908976/Angular_OnlineShop.git,0,0,0,647,2,0,ArtemIgnatiev908976,angular
115,OnlineShoppingAngular,Anish150198/OnlineShoppingAngular,https://github.com/Anish150198/OnlineShoppingAngular.git,0,0,0,2480,2,0,Anish150198,angular
116,OnlineShoppingAngular,ali200710/OnlineShoppingAngular,https://github.com/ali200710/OnlineShoppingAngular.git,0,0,0,220,2,0,ali200710,angular
117,Angular-onlineShop,aziz-wali/Angular-onlineShop,https://github.com/aziz-wali/Angular-onlineShop.git,0,0,0,627,2,0,aziz-wali,angular
118,OnlineShop_Angular,kobrarahimi200/OnlineShop_Angular,https://github.com/kobrarahimi200/OnlineShop_Angular.git,0,0,0,126379,2,0,kobrarahimi200,angular
119,OnlineShoppingAngular,Basmae/OnlineShoppingAngular,https://github.com/Basmae/OnlineShoppingAngular.git,0,0,0,4295,2,0,Basmae,angular
120,Angular-OnlineShoppingApp,rajashriudhoji/Angular-OnlineShoppingApp,https://github.com/rajashriudhoji/Angular-OnlineShoppingApp.git,0,0,0,18,2,26,rajashriudhoji,angular
121,Angular-OnlineShopping,erentrk01/Angular-OnlineShopping,https://github.com/erentrk01/Angular-OnlineShopping.git,0,0,0,1162,2,117,erentrk01,angular
122,OnlineShopFromAngular,MaksimSklianik/OnlineShopFromAngular,https://github.com/MaksimSklianik/OnlineShopFromAngular.git,0,0,0,120,2,6,MaksimSklianik,angular
123,angular_nodejs_onlineShop,LwaziMgazi/angular_nodejs_onlineShop,https://github.com/LwaziMgazi/angular_nodejs_onlineShop.git,0,0,0,6657,2,0,LwaziMgazi,angular
124,OnlineShopAngular,HumayGasimova/OnlineShopAngular,https://github.com/HumayGasimova/OnlineShopAngular.git,0,0,19,2845,2,0,HumayGasimova,angular
125,shopOnlineAngular,angelsalvadormx/shopOnlineAngular,https://github.com/angelsalvadormx/shopOnlineAngular.git,0,0,18,2431,2,0,angelsalvadormx,angular
126,electronic-shop,leonid9191/electronic-shop,https://github.com/leonid9191/electronic-shop.git,0,0,0,193,2,35,leonid9191,angular
127,ShoppingOnline_Angular,linhtdhs/ShoppingOnline_Angular,https://github.com/linhtdhs/ShoppingOnline_Angular.git,0,0,0,134,2,0,linhtdhs,angular
128,ShopOnline-Angular-firebase,gowthamiedamalapati/ShopOnline-Angular-firebase,https://github.com/gowthamiedamalapati/ShopOnline-Angular-firebase.git,0,0,0,759,2,0,gowthamiedamalapati,angular
129,AngularOnlineShop,palaogn/AngularOnlineShop,https://github.com/palaogn/AngularOnlineShop.git,0,0,0,148,2,82,palaogn,angular
130,AngularShopOnline,juanfalconcodigo/AngularShopOnline,https://github.com/juanfalconcodigo/AngularShopOnline.git,0,0,0,311,2,47,juanfalconcodigo,angular
131,AngularShoppingOnline,AnaMariaAvram/AngularShoppingOnline,https://github.com/AnaMariaAvram/AngularShoppingOnline.git,0,0,0,67697,2,0,AnaMariaAvram,angular
132,AngularOnlineGameShop,iordanrobertadrian/AngularOnlineGameShop,https://github.com/iordanrobertadrian/AngularOnlineGameShop.git,0,0,12,424,2,0,iordanrobertadrian,angular
133,angularOnlineShop,rachanaSane/angularOnlineShop,https://github.com/rachanaSane/angularOnlineShop.git,0,0,0,115,2,0,rachanaSane,angular
134,angularOnline-Shop,Tysiachnyi/angularOnline-Shop,https://github.com/Tysiachnyi/angularOnline-Shop.git,0,0,2,448,2,0,Tysiachnyi,angular
135,AngularOnlineShopping,monishanandhakumar/AngularOnlineShopping,https://github.com/monishanandhakumar/AngularOnlineShopping.git,0,0,0,166,2,0,monishanandhakumar,angular
136,AngularOnlineBookShop,harshitbitp/AngularOnlineBookShop,https://github.com/harshitbitp/AngularOnlineBookShop.git,0,0,0,892,2,49,harshitbitp,angular
137,WebShop_frontend_AngularJS,Nikzin/WebShop_frontend_AngularJS,https://github.com/Nikzin/WebShop_frontend_AngularJS.git,0,0,0,632,2,33,Nikzin,angular
138,angular-online-shop,PadmaGnanapriya/angular-online-shop,https://github.com/PadmaGnanapriya/angular-online-shop.git,0,0,0,194,2,15,PadmaGnanapriya,angular
139,Online-MyShop,randularsw/Online-MyShop,https://github.com/randularsw/Online-MyShop.git,1,0,19,1713,2,19,randularsw,angular
140,angular2-online-shop,dbp1921/angular2-online-shop,https://github.com/dbp1921/angular2-online-shop.git,1,0,0,83654,2,77,dbp1921,angular
141,angular4-online-shop,marcdacz/angular4-online-shop,https://github.com/marcdacz/angular4-online-shop.git,0,0,0,40,2,43,marcdacz,angular
142,Online-Shopping-Angular2-,rijafahim/Online-Shopping-Angular2-,https://github.com/rijafahim/Online-Shopping-Angular2-.git,0,0,0,55,2,0,rijafahim,angular
143,ShoppingCartOnline,buithanhchinh/ShoppingCartOnline,https://github.com/buithanhchinh/ShoppingCartOnline.git,0,0,0,53,2,38,buithanhchinh,angular
144,onlineShop,naasir27/onlineShop,https://github.com/naasir27/onlineShop.git,0,0,0,118,2,53,naasir27,angular
145,OnlineShopping,yash2701/OnlineShopping,https://github.com/yash2701/OnlineShopping.git,0,0,19,776,2,54,yash2701,angular
146,onlineShop,chinna-naidu/onlineShop,https://github.com/chinna-naidu/onlineShop.git,0,0,0,188,2,59,chinna-naidu,angular
147,OnlineShop,abhijit-mazumdar/OnlineShop,https://github.com/abhijit-mazumdar/OnlineShop.git,0,0,0,64,2,61,abhijit-mazumdar,angular
148,OnlineShop,RomProject/OnlineShop,https://github.com/RomProject/OnlineShop.git,0,1,0,9120,2,49,RomProject,angular
149,OnlineShopper,mohamed351/OnlineShopper,https://github.com/mohamed351/OnlineShopper.git,0,0,4,786,2,50,mohamed351,angular
150,online-shop,tatev-tahmazyan/online-shop,https://github.com/tatev-tahmazyan/online-shop.git,0,0,0,23527,2,35,tatev-tahmazyan,angular
151,angular-online-shop,Majey/angular-online-shop,https://github.com/Majey/angular-online-shop.git,0,0,0,389,2,90,Majey,angular
152,AngularJS1.0-ShopOnline,thuyenuit/AngularJS1.0-ShopOnline,https://github.com/thuyenuit/AngularJS1.0-ShopOnline.git,0,0,0,9617,2,53,thuyenuit,angular
153,online-shop,OksanaHodysh/online-shop,https://github.com/OksanaHodysh/online-shop.git,0,0,18,1888,2,27,OksanaHodysh,angular
154,online-shopping,jo-ngei/online-shopping,https://github.com/jo-ngei/online-shopping.git,0,0,0,250,2,43,jo-ngei,angular
155,online_shop,Libarus/online_shop,https://github.com/Libarus/online_shop.git,0,0,0,142,2,42,Libarus,angular
156,Angular-ShoppingCart,ronanstuchi/Angular-ShoppingCart,https://github.com/ronanstuchi/Angular-ShoppingCart.git,0,0,0,225,2,41,ronanstuchi,angular
157,Online-Shop,harleyowiec/Online-Shop,https://github.com/harleyowiec/Online-Shop.git,0,0,0,215,2,45,harleyowiec,angular
158,Shopping-Online,moti-art/Shopping-Online,https://github.com/moti-art/Shopping-Online.git,0,0,0,149,2,42,moti-art,angular
159,Angular-NodeJS-MongoDB-project,nataliemazal/Angular-NodeJS-MongoDB-project,https://github.com/nataliemazal/Angular-NodeJS-MongoDB-project.git,0,0,0,2567,2,44,nataliemazal,angular
160,platzi-shop,efrain17/platzi-shop,https://github.com/efrain17/platzi-shop.git,0,0,0,36,2,35,efrain17,angular
161,shopAngular,floresfactor/shopAngular,https://github.com/floresfactor/shopAngular.git,0,0,0,116,2,46,floresfactor,angular
162,shopping-online-exercise,mendz/shopping-online-exercise,https://github.com/mendz/shopping-online-exercise.git,0,0,19,1046,2,14,mendz,angular
163,online-shopping-store,kakarot96/online-shopping-store,https://github.com/kakarot96/online-shopping-store.git,0,0,16,699,2,17,kakarot96,angular
164,Online-Shop-Application-Angular,rizaldisepta/Online-Shop-Application-Angular,https://github.com/rizaldisepta/Online-Shop-Application-Angular.git,0,0,0,1050,2,48,rizaldisepta,angular
165,Online-shopping-cart,kaiyuan588/Online-shopping-cart,https://github.com/kaiyuan588/Online-shopping-cart.git,0,0,1,25,2,29,kaiyuan588,angular
166,EcomWebsite-Online-Shopping,buddikatdk/EcomWebsite-Online-Shopping,https://github.com/buddikatdk/EcomWebsite-Online-Shopping.git,0,0,17,2458,2,27,buddikatdk,angular
167,angular-online-shop,patapron/angular-online-shop,https://github.com/patapron/angular-online-shop.git,0,0,19,2554,2,30,patapron,angular
168,Online-shopping-site-Angular,Dive1995/Online-shopping-site-Angular,https://github.com/Dive1995/Online-shopping-site-Angular.git,0,0,0,27175,2,38,Dive1995,angular
169,online-shopping-site-angular,bahadirali/online-shopping-site-angular,https://github.com/bahadirali/online-shopping-site-angular.git,0,0,0,1148,2,45,bahadirali,angular
170,Building-Angular-based-Shopping-Cart,manish0502/Building-Angular-based-Shopping-Cart,https://github.com/manish0502/Building-Angular-based-Shopping-Cart.git,0,2,0,860,2,136,manish0502,angular
171,OnlineShopingCartAngular6,amitpawar832ap/OnlineShopingCartAngular6,https://github.com/amitpawar832ap/OnlineShopingCartAngular6.git,0,0,0,106,2,0,amitpawar832ap,angular
172,OnlineShoppingApp-using-Angular,dasarka/OnlineShoppingApp-using-Angular,https://github.com/dasarka/OnlineShoppingApp-using-Angular.git,0,1,0,370,2,0,dasarka,angular
173,OnlineGrocery,Iodachi/OnlineGrocery,https://github.com/Iodachi/OnlineGrocery.git,0,0,0,68921,2,62,Iodachi,angular
174,OnlineShop_Angular-SpringFramework,Claudiu-Badilas/OnlineShop_Angular-SpringFramework,https://github.com/Claudiu-Badilas/OnlineShop_Angular-SpringFramework.git,0,0,0,4499,2,0,Claudiu-Badilas,angular
175,Angular-shop,strike9906/Angular-shop,https://github.com/strike9906/Angular-shop.git,0,0,0,301,2,34,strike9906,angular
176,Angular-Project,Sateesh30/Angular-Project,https://github.com/Sateesh30/Angular-Project.git,0,0,0,98,2,41,Sateesh30,angular
177,eshopping-angular,nagarajuakula/eshopping-angular,https://github.com/nagarajuakula/eshopping-angular.git,0,0,0,1587,2,48,nagarajuakula,angular
178,Angular-project,IndiraHuseinagic/Angular-project,https://github.com/IndiraHuseinagic/Angular-project.git,0,0,0,34515,2,41,IndiraHuseinagic,angular
179,online-shop,paint-it-green/online-shop,https://github.com/paint-it-green/online-shop.git,0,0,0,356,2,44,paint-it-green,angular
180,Online_shop,feria22/Online_shop,https://github.com/feria22/Online_shop.git,0,0,17,343,2,44,feria22,angular
181,angular_shop,Belchenkov/angular_shop,https://github.com/Belchenkov/angular_shop.git,0,0,13,497,2,33,Belchenkov,angular
182,online-Shopping,aron-milu/online-Shopping,https://github.com/aron-milu/online-Shopping.git,0,0,0,245,2,37,aron-milu,angular
183,frontend-meang-onlineshop,gareder/frontend-meang-onlineshop,https://github.com/gareder/frontend-meang-onlineshop.git,0,0,0,2334,2,38,gareder,angular
184,Online-Shopping-App,nirannjan/Online-Shopping-App,https://github.com/nirannjan/Online-Shopping-App.git,0,0,0,23,2,39,nirannjan,angular
185,OnlineShoppingCart,AkshaySrivatsa03/OnlineShoppingCart,https://github.com/AkshaySrivatsa03/OnlineShoppingCart.git,0,0,2,56662,2,55,AkshaySrivatsa03,angular
186,online-shopping-app-angular2,pranaykumar389/online-shopping-app-angular2,https://github.com/pranaykumar389/online-shopping-app-angular2.git,0,0,0,226,2,0,pranaykumar389,angular
187,angular4-shopping-online-template,PanitJr/angular4-shopping-online-template,https://github.com/PanitJr/angular4-shopping-online-template.git,0,1,0,11153,2,0,PanitJr,angular
188,OnlineShop-Redux,opazupa/OnlineShop-Redux,https://github.com/opazupa/OnlineShop-Redux.git,0,0,0,1184,2,43,opazupa,angular
189,OnlineMovieShop,MorganJalil/OnlineMovieShop,https://github.com/MorganJalil/OnlineMovieShop.git,0,0,16,2940,2,61,MorganJalil,angular
190,Shop-Cart-Angular,Hieungx/Shop-Cart-Angular,https://github.com/Hieungx/Shop-Cart-Angular.git,0,0,0,189,2,28,Hieungx,angular
191,Online-Shopping-Angular-Exercise,johannesrehrl/Online-Shopping-Angular-Exercise,https://github.com/johannesrehrl/Online-Shopping-Angular-Exercise.git,0,0,0,109,2,30,johannesrehrl,angular
192,coffee-shop-online,noam992/coffee-shop-online,https://github.com/noam992/coffee-shop-online.git,0,0,0,6433,2,34,noam992,angular
193,Angular-4-Portal,brajendrasingh/Angular-4-Portal,https://github.com/brajendrasingh/Angular-4-Portal.git,0,0,0,99,2,31,brajendrasingh,angular
194,OnlineShopping,basmazaki/OnlineShopping,https://github.com/basmazaki/OnlineShopping.git,0,1,40,3547,2,71,basmazaki,angular
195,wine-shop-angular,gianLuigiL/wine-shop-angular,https://github.com/gianLuigiL/wine-shop-angular.git,1,0,0,7902,2,33,gianLuigiL,angular
196,JeanStation_Online_App_UI,harpreetsingh19/JeanStation_Online_App_UI,https://github.com/harpreetsingh19/JeanStation_Online_App_UI.git,0,0,0,8270,2,50,harpreetsingh19,angular
197,Online-Shop,zurgalos/Online-Shop,https://github.com/zurgalos/Online-Shop.git,0,0,0,499,2,135,zurgalos,angular
198,OnlineShopping,mahnazmahmoodzade/OnlineShopping,https://github.com/mahnazmahmoodzade/OnlineShopping.git,0,0,0,185,2,59,mahnazmahmoodzade,angular
199,onlineShop,dorkian/onlineShop,https://github.com/dorkian/onlineShop.git,0,0,0,1157,2,62,dorkian,angular
200,onLineShop_JB_project,ekaterina-rut/onLineShop_JB_project,https://github.com/ekaterina-rut/onLineShop_JB_project.git,0,0,0,11525,2,25,ekaterina-rut,angular
201,AngularStore,VictorKostyukov/AngularStore,https://github.com/VictorKostyukov/AngularStore.git,0,0,0,632,2,57,VictorKostyukov,angular
202,Angular-Practice-ShoppApp,syudanardi/Angular-Practice-ShoppApp,https://github.com/syudanardi/Angular-Practice-ShoppApp.git,0,0,20,636,2,59,syudanardi,angular
203,frontend-meang-online-shop-public,jhoncharry/frontend-meang-online-shop-public,https://github.com/jhoncharry/frontend-meang-online-shop-public.git,0,0,0,3030,2,28,jhoncharry,angular
204,WiseShop,WiseHands/WiseShop,https://github.com/WiseHands/WiseShop.git,1,2,3,163356,2,71,WiseHands,angular
205,shopping-cart,netajik/shopping-cart,https://github.com/netajik/shopping-cart.git,0,0,18,1597,2,43,netajik,angular
206,oShop,rogre77/oShop,https://github.com/rogre77/oShop.git,0,0,2,536,2,44,rogre77,angular
207,eMart,EmilGeorgievIT/eMart,https://github.com/EmilGeorgievIT/eMart.git,1,0,15,4784,2,35,EmilGeorgievIT,angular
208,oshop,raunakgupta2608/oshop,https://github.com/raunakgupta2608/oshop.git,0,0,2,425,2,39,raunakgupta2608,angular
209,Mobile-Shop,Tysiachnyi/Mobile-Shop,https://github.com/Tysiachnyi/Mobile-Shop.git,0,0,0,18,2,35,Tysiachnyi,angular
210,Sneaker_Shopping_Website,HaoZ17/Sneaker_Shopping_Website,https://github.com/HaoZ17/Sneaker_Shopping_Website.git,0,0,23,4754,2,45,HaoZ17,angular
211,ng--bike-shop,AlekseyTyurin/ng--bike-shop,https://github.com/AlekseyTyurin/ng--bike-shop.git,0,0,0,9354,2,31,AlekseyTyurin,angular
212,ng2store,alokj10/ng2store,https://github.com/alokj10/ng2store.git,1,0,0,14153,2,36,alokj10,angular
213,experience-shop,aleksandar9999a/experience-shop,https://github.com/aleksandar9999a/experience-shop.git,0,0,3,7970,2,39,aleksandar9999a,angular
214,e-buyy,ashwincmenon/e-buyy,https://github.com/ashwincmenon/e-buyy.git,0,0,0,285,2,41,ashwincmenon,angular
215,ecommerce-app,afolabiopakunle/ecommerce-app,https://github.com/afolabiopakunle/ecommerce-app.git,0,0,0,219,2,46,afolabiopakunle,angular
216,tradsonline-frontend,patboyrico/tradsonline-frontend,https://github.com/patboyrico/tradsonline-frontend.git,0,0,0,2863,2,39,patboyrico,angular
217,Portfolio-project-Just-Super-client,rusvariag/Portfolio-project-Just-Super-client,https://github.com/rusvariag/Portfolio-project-Just-Super-client.git,0,0,0,1614,2,42,rusvariag,angular
218,shopping-card,cagcak/shopping-card,https://github.com/cagcak/shopping-card.git,0,0,0,920,2,54,cagcak,angular
219,shop,HaymanLiron/shop,https://github.com/HaymanLiron/shop.git,0,0,4,916,2,89,HaymanLiron,angular
220,Myshop,mrsoroush/Myshop,https://github.com/mrsoroush/Myshop.git,0,0,0,121,2,44,mrsoroush,angular
221,online-shop-angular,amusinger/online-shop-angular,https://github.com/amusinger/online-shop-angular.git,0,0,0,1086,2,0,amusinger,angular
222,online-shop-angular,lemibbdk/online-shop-angular,https://github.com/lemibbdk/online-shop-angular.git,0,0,0,184,2,0,lemibbdk,angular
223,Angularjs-Online-Shopping-Project,asha15/Angularjs-Online-Shopping-Project,https://github.com/asha15/Angularjs-Online-Shopping-Project.git,0,0,0,4582,2,0,asha15,angular
224,angular-online-shop,obravocedillo/angular-online-shop,https://github.com/obravocedillo/angular-online-shop.git,0,0,0,3332,2,0,obravocedillo,angular
225,angular-online-shop,Iluzjonista/angular-online-shop,https://github.com/Iluzjonista/angular-online-shop.git,0,0,0,1532,2,0,Iluzjonista,angular
226,online-shop-angular,losk773/online-shop-angular,https://github.com/losk773/online-shop-angular.git,0,0,0,181,2,0,losk773,angular
227,online-shop-angular,ebrammamdoh/online-shop-angular,https://github.com/ebrammamdoh/online-shop-angular.git,0,0,0,164,2,0,ebrammamdoh,angular
228,Organic-Shop,skarlet-witcher/Organic-Shop,https://github.com/skarlet-witcher/Organic-Shop.git,0,0,0,155,2,47,skarlet-witcher,angular
229,Udemy-Angular.io-Course-Final-Project,leohan410/Udemy-Angular.io-Course-Final-Project,https://github.com/leohan410/Udemy-Angular.io-Course-Final-Project.git,0,0,0,31,2,38,leohan410,angular
230,Shop_online_angular,Sapendo/Shop_online_angular,https://github.com/Sapendo/Shop_online_angular.git,0,0,0,112,2,0,Sapendo,angular
231,Angular_Books_Online_Shop,NatiaChubinidze/Angular_Books_Online_Shop,https://github.com/NatiaChubinidze/Angular_Books_Online_Shop.git,0,0,0,14633,2,0,NatiaChubinidze,angular
232,angular_online_shop,denfedweb/angular_online_shop,https://github.com/denfedweb/angular_online_shop.git,0,0,0,161,2,0,denfedweb,angular
233,angular-shop-online,leanhvu86/angular-shop-online,https://github.com/leanhvu86/angular-shop-online.git,0,0,21,558,2,0,leanhvu86,angular
234,angular-online-shop,aramay/angular-online-shop,https://github.com/aramay/angular-online-shop.git,0,1,0,3639,2,0,aramay,angular
235,angular-app-online-shop,KamalaThimmaiah2018/angular-app-online-shop,https://github.com/KamalaThimmaiah2018/angular-app-online-shop.git,0,0,0,9,2,26,KamalaThimmaiah2018,angular
236,online-shop-with-angular,podarrazvan/online-shop-with-angular,https://github.com/podarrazvan/online-shop-with-angular.git,0,0,0,1042,2,0,podarrazvan,angular
237,Online-Shopping-Application-Angular,balahari619/Online-Shopping-Application-Angular,https://github.com/balahari619/Online-Shopping-Application-Angular.git,0,0,0,56444,2,172,balahari619,angular
238,angular-online-shop,Sviatique/angular-online-shop,https://github.com/Sviatique/angular-online-shop.git,0,0,0,25,2,0,Sviatique,angular
239,oshop,omar-gamel/oshop,https://github.com/omar-gamel/oshop.git,0,0,2,334,2,50,omar-gamel,angular
240,oshop,rajatrt/oshop,https://github.com/rajatrt/oshop.git,0,0,0,587,2,36,rajatrt,angular
241,Angular-Top-Online-Shop,AnnaKL/Angular-Top-Online-Shop,https://github.com/AnnaKL/Angular-Top-Online-Shop.git,0,1,0,932,2,0,AnnaKL,angular
242,Online_Shop-Angular,AbdelrahmanMU/Online_Shop-Angular,https://github.com/AbdelrahmanMU/Online_Shop-Angular.git,0,0,0,236,2,0,AbdelrahmanMU,angular
243,online-mobile-shop-angular,sarikajain123/online-mobile-shop-angular,https://github.com/sarikajain123/online-mobile-shop-angular.git,0,0,0,287,2,0,sarikajain123,angular
244,Online-Shop-Angular,Nemchinovrp/Online-Shop-Angular,https://github.com/Nemchinovrp/Online-Shop-Angular.git,0,0,0,120,2,0,Nemchinovrp,angular
245,angular-online-shopping-cart,harikatirunagari/angular-online-shopping-cart,https://github.com/harikatirunagari/angular-online-shopping-cart.git,0,0,0,62,2,0,harikatirunagari,angular
246,Angular-online-shopping-,AlaaSaadallah/Angular-online-shopping-,https://github.com/AlaaSaadallah/Angular-online-shopping-.git,0,0,0,273,2,0,AlaaSaadallah,angular
247,angular-online-shop,maitabe/angular-online-shop,https://github.com/maitabe/angular-online-shop.git,0,0,0,9,2,0,maitabe,angular
248,angular-project-online-shopping,gkaurbalgir/angular-project-online-shopping,https://github.com/gkaurbalgir/angular-project-online-shopping.git,0,0,0,34,2,0,gkaurbalgir,angular
249,Angular-online-shopping,esraamamdouh136/Angular-online-shopping,https://github.com/esraamamdouh136/Angular-online-shopping.git,0,0,0,2592,2,0,esraamamdouh136,angular
250,online-technology-shop-angular,jasondang1991/online-technology-shop-angular,https://github.com/jasondang1991/online-technology-shop-angular.git,0,0,0,51288,2,0,jasondang1991,angular
251,Shop_online_angular,Sapendo/Shop_online_angular,https://github.com/Sapendo/Shop_online_angular.git,0,0,0,112,2,0,Sapendo,angular
252,Angular_Books_Online_Shop,NatiaChubinidze/Angular_Books_Online_Shop,https://github.com/NatiaChubinidze/Angular_Books_Online_Shop.git,0,0,0,14633,2,0,NatiaChubinidze,angular
253,online-shopping-using-angular,akhilreddy18/online-shopping-using-angular,https://github.com/akhilreddy18/online-shopping-using-angular.git,0,0,0,106,2,0,akhilreddy18,angular
254,angular-online-shop,Resha1279/angular-online-shop,https://github.com/Resha1279/angular-online-shop.git,0,0,0,890,2,0,Resha1279,angular
255,Online-Shop-Angular,s-ganji/Online-Shop-Angular,https://github.com/s-ganji/Online-Shop-Angular.git,0,0,0,309,2,0,s-ganji,angular
256,Shop,Skoropadskyi/Shop,https://github.com/Skoropadskyi/Shop.git,0,0,0,194,2,77,Skoropadskyi,angular
257,online-shop,desali/online-shop,https://github.com/desali/online-shop.git,0,0,0,7213,2,61,desali,angular
258,online-shop,SantiagoSossa/online-shop,https://github.com/SantiagoSossa/online-shop.git,0,0,0,145,2,44,SantiagoSossa,angular
259,online-shop,youseflkc/online-shop,https://github.com/youseflkc/online-shop.git,0,0,0,3520,2,52,youseflkc,angular
260,online-shop,andreaslanderer/online-shop,https://github.com/andreaslanderer/online-shop.git,0,0,0,11478,2,67,andreaslanderer,angular
261,Online-Shopping,HariPogula/Online-Shopping,https://github.com/HariPogula/Online-Shopping.git,0,0,0,76,2,40,HariPogula,angular
262,meang-frontend-online-shop,rogerdavila/meang-frontend-online-shop,https://github.com/rogerdavila/meang-frontend-online-shop.git,0,0,0,307,2,40,rogerdavila,angular
263,online-shop_recipe-book,SarvarKh/online-shop_recipe-book,https://github.com/SarvarKh/online-shop_recipe-book.git,0,1,0,551,2,48,SarvarKh,angular
264,shop-online-client,Gianni-A/shop-online-client,https://github.com/Gianni-A/shop-online-client.git,0,0,19,883,2,33,Gianni-A,angular
265,Shopping-Online---MEAN-Stack-Project,JulzDave/Shopping-Online---MEAN-Stack-Project,https://github.com/JulzDave/Shopping-Online---MEAN-Stack-Project.git,0,0,11,9278,2,31,JulzDave,angular
266,my-angular2-ecommerce-shop,megalucio/my-angular2-ecommerce-shop,https://github.com/megalucio/my-angular2-ecommerce-shop.git,0,0,0,127,2,63,megalucio,angular
267,Handistic-Online-Shop,fatma004/Handistic-Online-Shop,https://github.com/fatma004/Handistic-Online-Shop.git,1,1,0,23761,2,733,fatma004,angular
268,OnlineShoppingTemplateUsingAngular2js,GitHub4Jyo/OnlineShoppingTemplateUsingAngular2js,https://github.com/GitHub4Jyo/OnlineShoppingTemplateUsingAngular2js.git,0,0,0,236,2,113,GitHub4Jyo,angular
269,OnlineShoppingWebsite-using-Angular-and-Springboot,UK-JADHAV/OnlineShoppingWebsite-using-Angular-and-Springboot,https://github.com/UK-JADHAV/OnlineShoppingWebsite-using-Angular-and-Springboot.git,1,0,0,1903,2,59,UK-JADHAV,angular
270,OnlineShop-FrontEnd,damian-kwiecien-zz/OnlineShop-FrontEnd,https://github.com/damian-kwiecien-zz/OnlineShop-FrontEnd.git,0,0,0,65518,2,71,damian-kwiecien-zz,angular
271,shoppingApp,subashkv/shoppingApp,https://github.com/subashkv/shoppingApp.git,0,0,18,2733,2,52,subashkv,angular
272,nextu-shop-angular,eandres8/nextu-shop-angular,https://github.com/eandres8/nextu-shop-angular.git,0,0,0,1020,2,51,eandres8,angular
273,angular-shop,bakeroner/angular-shop,https://github.com/bakeroner/angular-shop.git,0,0,0,367,2,51,bakeroner,angular
274,angular-shopping,vmnog/angular-shopping,https://github.com/vmnog/angular-shopping.git,0,0,0,159,2,55,vmnog,angular
275,AngularOnlineSareeShoppingAdminSection,JaiSan9502/AngularOnlineSareeShoppingAdminSection,https://github.com/JaiSan9502/AngularOnlineSareeShoppingAdminSection.git,0,0,0,138,2,38,JaiSan9502,angular
276,online-shop,JhosefCardich/online-shop,https://github.com/JhosefCardich/online-shop.git,0,0,17,1964,2,149,JhosefCardich,angular
277,online_shop_project_angular6_node,nextshubham/online_shop_project_angular6_node,https://github.com/nextshubham/online_shop_project_angular6_node.git,0,0,0,128,2,47,nextshubham,angular
278,angularshop,mesinkasir/angularshop,https://github.com/mesinkasir/angularshop.git,1,1,0,25,2,58,mesinkasir,angular
279,shop-angula-nestjs,romelljaramillo/shop-angula-nestjs,https://github.com/romelljaramillo/shop-angula-nestjs.git,0,0,0,640,2,41,romelljaramillo,angular
280,online-store,wachuuu/online-store,https://github.com/wachuuu/online-store.git,0,1,0,507,2,57,wachuuu,angular
281,angular-tour-online-shopping-cart,sskadam45/angular-tour-online-shopping-cart,https://github.com/sskadam45/angular-tour-online-shopping-cart.git,0,0,0,14,2,26,sskadam45,angular
282,Angular-MongoDB-Shopping-Online,DorAmiel/Angular-MongoDB-Shopping-Online,https://github.com/DorAmiel/Angular-MongoDB-Shopping-Online.git,0,0,0,19212,2,0,DorAmiel,angular
283,online-shop-typescript-angular-node,andreeadumitru96/online-shop-typescript-angular-node,https://github.com/andreeadumitru96/online-shop-typescript-angular-node.git,0,0,0,38071,2,26,andreeadumitru96,angular
284,Online-Shop-Angular-Fullstack-App,ronnizan/Online-Shop-Angular-Fullstack-App,https://github.com/ronnizan/Online-Shop-Angular-Fullstack-App.git,0,1,0,3183,2,0,ronnizan,angular
285,Angular-Node.js-Online-Shopping,meital10/Angular-Node.js-Online-Shopping,https://github.com/meital10/Angular-Node.js-Online-Shopping.git,0,0,0,2807,2,160,meital10,angular
286,frontend-meang-online-shop,AzariasMacuare/frontend-meang-online-shop,https://github.com/AzariasMacuare/frontend-meang-online-shop.git,0,0,0,324,2,50,AzariasMacuare,angular
287,Com-Online-Shopping,tabdelrhman/Com-Online-Shopping,https://github.com/tabdelrhman/Com-Online-Shopping.git,0,0,0,1225,2,65,tabdelrhman,angular
288,front-meang-online-shop,andresomargonzalez/front-meang-online-shop,https://github.com/andresomargonzalez/front-meang-online-shop.git,0,0,0,284,2,63,andresomargonzalez,angular
289,online-Shopping-Ecommerce-Project,chukjustin2000/online-Shopping-Ecommerce-Project,https://github.com/chukjustin2000/online-Shopping-Ecommerce-Project.git,0,0,0,2662,2,63,chukjustin2000,angular
290,RealEstateOnlineShop,AndreiAndreea/RealEstateOnlineShop,https://github.com/AndreiAndreea/RealEstateOnlineShop.git,0,0,0,41774,2,57,AndreiAndreea,angular
291,online-shopping-system,shimels1/online-shopping-system,https://github.com/shimels1/online-shopping-system.git,0,0,0,1257,2,58,shimels1,angular
292,Online-Shop-Website,ipanatsia/Online-Shop-Website,https://github.com/ipanatsia/Online-Shop-Website.git,0,0,0,28,2,46,ipanatsia,angular
293,alias-online-shop,Dev-Integral/alias-online-shop,https://github.com/Dev-Integral/alias-online-shop.git,0,0,20,3322,2,51,Dev-Integral,angular
294,online-shop-frontend,DDonamaria/online-shop-frontend,https://github.com/DDonamaria/online-shop-frontend.git,0,0,0,707,2,58,DDonamaria,angular
295,online-shopping-cart,prasadnarayana/online-shopping-cart,https://github.com/prasadnarayana/online-shopping-cart.git,0,0,19,2557,2,60,prasadnarayana,angular
296,Online-Computer-Shop,RuiCastello/Online-Computer-Shop,https://github.com/RuiCastello/Online-Computer-Shop.git,0,0,0,1891,2,49,RuiCastello,angular
297,AngularStore,AlexJubs/AngularStore,https://github.com/AlexJubs/AngularStore.git,0,1,0,14,2,114,AlexJubs,angular
298,frontendAngular,MdGolam-Kibria/frontendAngular,https://github.com/MdGolam-Kibria/frontendAngular.git,0,1,0,2464,2,46,MdGolam-Kibria,angular
299,Mongdim-Angular,FranklinYu/Mongdim-Angular,https://github.com/FranklinYu/Mongdim-Angular.git,0,0,1,179,2,47,FranklinYu,angular
300,Online_Market-Angular-Node.js-MySQL,dorhdd/Online_Market-Angular-Node.js-MySQL,https://github.com/dorhdd/Online_Market-Angular-Node.js-MySQL.git,0,0,0,461,2,134,dorhdd,angular
301,online-shop,Tvido/online-shop,https://github.com/Tvido/online-shop.git,0,0,0,304,2,77,Tvido,angular
302,online-shopping,ImamitK/online-shopping,https://github.com/ImamitK/online-shopping.git,0,0,0,464,2,114,ImamitK,angular
303,online_shop,Roman-H91/online_shop,https://github.com/Roman-H91/online_shop.git,0,0,0,31,2,102,Roman-H91,angular
304,online-shop,HazemGharib/online-shop,https://github.com/HazemGharib/online-shop.git,0,1,0,150,2,73,HazemGharib,angular
305,Online-shopping,msalah-mum/Online-shopping,https://github.com/msalah-mum/Online-shopping.git,0,0,16,2334,2,85,msalah-mum,angular
306,Online-Shop,FaronS98/Online-Shop,https://github.com/FaronS98/Online-Shop.git,0,0,0,217,2,82,FaronS98,angular
307,Online-Shop,MosheOz/Online-Shop,https://github.com/MosheOz/Online-Shop.git,0,0,0,3657,2,100,MosheOz,angular
308,Online-Shopping,Himanshu303/Online-Shopping,https://github.com/Himanshu303/Online-Shopping.git,0,0,0,273,2,74,Himanshu303,angular
309,Angular-Ramen-Shop,afieldi/Angular-Ramen-Shop,https://github.com/afieldi/Angular-Ramen-Shop.git,0,0,0,141,2,55,afieldi,angular
310,shopp-crud-firebase-angular,cesarfreitas93/shopp-crud-firebase-angular,https://github.com/cesarfreitas93/shopp-crud-firebase-angular.git,0,0,0,135,2,67,cesarfreitas93,angular
311,oShop-angular,svitlanaf/oShop-angular,https://github.com/svitlanaf/oShop-angular.git,0,0,2,482,2,56,svitlanaf,angular
312,igniteui-angular-shop-application,IvayloG/igniteui-angular-shop-application,https://github.com/IvayloG/igniteui-angular-shop-application.git,0,0,0,95,2,59,IvayloG,angular
313,angular-mini-shop,rizalasrul/angular-mini-shop,https://github.com/rizalasrul/angular-mini-shop.git,0,1,0,530,2,52,rizalasrul,angular
314,OnlineShop,skinnydoo/OnlineShop,https://github.com/skinnydoo/OnlineShop.git,0,1,31,2460,2,86,skinnydoo,angular
315,shopping,homero456/shopping,https://github.com/homero456/shopping.git,0,0,21,2569,2,51,homero456,angular
316,Resto-Angular-Firebase,Dardena7/Resto-Angular-Firebase,https://github.com/Dardena7/Resto-Angular-Firebase.git,0,0,0,458,2,57,Dardena7,angular
317,angular-cli-practice,loisch22/angular-cli-practice,https://github.com/loisch22/angular-cli-practice.git,0,0,0,78,2,46,loisch22,angular
318,Adnromeda-Frontend-Angular,RostyslavStupnytskyi/Adnromeda-Frontend-Angular,https://github.com/RostyslavStupnytskyi/Adnromeda-Frontend-Angular.git,0,1,0,439,2,107,RostyslavStupnytskyi,angular
319,Online-Shop,zeljkolucic/Online-Shop,https://github.com/zeljkolucic/Online-Shop.git,0,0,0,10795,2,40,zeljkolucic,angular
320,ng-little-web-shop,burako/ng-little-web-shop,https://github.com/burako/ng-little-web-shop.git,1,0,0,300,2,52,burako,angular
321,angularShop,EllieThor/angularShop,https://github.com/EllieThor/angularShop.git,0,0,0,8356,2,139,EllieThor,angular
322,Implementing-Grocery-Store-with-Payment-Gateway-using-Angular,CapstoneProject18/Implementing-Grocery-Store-with-Payment-Gateway-using-Angular,https://github.com/CapstoneProject18/Implementing-Grocery-Store-with-Payment-Gateway-using-Angular.git,2,0,56,33954,2,467,CapstoneProject18,angular
323,TheBookShopAngularApp,Minacava/TheBookShopAngularApp,https://github.com/Minacava/TheBookShopAngularApp.git,1,1,0,70414,2,62,Minacava,angular
324,Shopping-online,sarazer/Shopping-online,https://github.com/sarazer/Shopping-online.git,0,0,0,4689,2,104,sarazer,angular
325,shop-online,yassineDevox/shop-online,https://github.com/yassineDevox/shop-online.git,0,1,0,4807,2,115,yassineDevox,angular
326,online-shop,wojteko22/online-shop,https://github.com/wojteko22/online-shop.git,0,0,5,640,2,122,wojteko22,angular
327,Organic-Shop,harshita1931/Organic-Shop,https://github.com/harshita1931/Organic-Shop.git,0,1,0,71,2,45,harshita1931,angular
328,online-shopping,khyatii/online-shopping,https://github.com/khyatii/online-shopping.git,0,0,0,3359,2,27,khyatii,angular
329,ionicShop,MingJing2015/ionicShop,https://github.com/MingJing2015/ionicShop.git,0,1,0,2962,2,42,MingJing2015,angular
330,shop_liver,eashwaranRaghu/shop_liver,https://github.com/eashwaranRaghu/shop_liver.git,0,0,0,120,2,52,eashwaranRaghu,angular
331,MimiShop,MinhYDev1504/MimiShop,https://github.com/MinhYDev1504/MimiShop.git,0,0,0,38155,2,72,MinhYDev1504,angular
332,Crazy-Shop,Stark2248/Crazy-Shop,https://github.com/Stark2248/Crazy-Shop.git,0,0,0,3254,2,58,Stark2248,angular
333,E-shopping-,Aditi3012/E-shopping-,https://github.com/Aditi3012/E-shopping-.git,0,1,19,69479,2,53,Aditi3012,angular
334,MediShop,MedinaAJ/MediShop,https://github.com/MedinaAJ/MediShop.git,0,1,24,12919,2,48,MedinaAJ,angular
335,toy-shop,DanBlakeman/toy-shop,https://github.com/DanBlakeman/toy-shop.git,0,0,0,388,2,49,DanBlakeman,angular
336,sample-shop,raminarmanfar/sample-shop,https://github.com/raminarmanfar/sample-shop.git,0,0,0,119,2,54,raminarmanfar,angular
337,shop-llc,DavidGasparyan/shop-llc,https://github.com/DavidGasparyan/shop-llc.git,0,0,0,322,2,50,DavidGasparyan,angular
338,LittleShop,davsap/LittleShop,https://github.com/davsap/LittleShop.git,0,0,0,86,2,47,davsap,angular
339,Shop-Online,MohamedBechir/Shop-Online,https://github.com/MohamedBechir/Shop-Online.git,0,0,3,4175,2,0,MohamedBechir,angular
340,Online-Shopping-NodeJS,ElSamhaa/Online-Shopping-NodeJS,https://github.com/ElSamhaa/Online-Shopping-NodeJS.git,1,0,0,284,2,74,ElSamhaa,angular
341,frontend-meang-online-shop,alejandrolaverri/frontend-meang-online-shop,https://github.com/alejandrolaverri/frontend-meang-online-shop.git,0,1,0,512,2,104,alejandrolaverri,angular
342,_frontend-meang-online-shop,gliceta/_frontend-meang-online-shop,https://github.com/gliceta/_frontend-meang-online-shop.git,0,0,0,1089,2,102,gliceta,angular
343,Online-Shopping-Store,abbie-dev1/Online-Shopping-Store,https://github.com/abbie-dev1/Online-Shopping-Store.git,0,1,0,446,2,62,abbie-dev1,angular
344,frontend-meang-online-shop,alijcolina/frontend-meang-online-shop,https://github.com/alijcolina/frontend-meang-online-shop.git,0,0,0,1870,2,107,alijcolina,angular
345,Shopping-Online,gal2410/Shopping-Online,https://github.com/gal2410/Shopping-Online.git,0,1,22,55789,2,5,gal2410,angular
346,quick-bazar-online-shopping-,acharyadarshan/quick-bazar-online-shopping-,https://github.com/acharyadarshan/quick-bazar-online-shopping-.git,0,0,0,4782,2,67,acharyadarshan,angular
347,Project4OnlineShop,MotiTishler/Project4OnlineShop,https://github.com/MotiTishler/Project4OnlineShop.git,0,0,0,195,2,103,MotiTishler,angular
348,frontend-meang-online-shop,berngarciamadrid/frontend-meang-online-shop,https://github.com/berngarciamadrid/frontend-meang-online-shop.git,0,0,0,220,2,107,berngarciamadrid,angular
349,frontend-meang-online-shop,JhonHurachi/frontend-meang-online-shop,https://github.com/JhonHurachi/frontend-meang-online-shop.git,0,0,0,602,2,104,JhonHurachi,angular
350,MEANG-Online-Shop,FranciscoJavierMartin/MEANG-Online-Shop,https://github.com/FranciscoJavierMartin/MEANG-Online-Shop.git,0,0,0,940,2,76,FranciscoJavierMartin,angular
351,AngularEcommerce,verma151/AngularEcommerce,https://github.com/verma151/AngularEcommerce.git,0,0,0,116,2,87,verma151,angular
352,AngularProject,IskraNikolova/AngularProject,https://github.com/IskraNikolova/AngularProject.git,0,0,0,1677,2,91,IskraNikolova,angular
353,games-shop,maciejpajkowski/games-shop,https://github.com/maciejpajkowski/games-shop.git,0,0,0,2831,2,131,maciejpajkowski,angular
354,Angular_Node.js_MySQL_shop_online,RayaLevinson/Angular_Node.js_MySQL_shop_online,https://github.com/RayaLevinson/Angular_Node.js_MySQL_shop_online.git,0,0,0,3147,2,0,RayaLevinson,angular
355,Angular_And_Spring_Boot_Online_Shop,rdm100/Angular_And_Spring_Boot_Online_Shop,https://github.com/rdm100/Angular_And_Spring_Boot_Online_Shop.git,0,0,0,9012,2,0,rdm100,angular
356,online-shop-CLIENT--Angular--SCHOOL-ASSIGNMENT,Nitai132/online-shop-CLIENT--Angular--SCHOOL-ASSIGNMENT,https://github.com/Nitai132/online-shop-CLIENT--Angular--SCHOOL-ASSIGNMENT.git,0,0,0,164,2,0,Nitai132,angular
357,target-shopping-cart,karthi1987/target-shopping-cart,https://github.com/karthi1987/target-shopping-cart.git,0,0,0,36437,2,53,karthi1987,angular
358,frontend-meang-shop,HDMercado/frontend-meang-shop,https://github.com/HDMercado/frontend-meang-shop.git,0,0,0,143,2,64,HDMercado,angular
359,ProjetPersoSnowboardShop,amoignet/ProjetPersoSnowboardShop,https://github.com/amoignet/ProjetPersoSnowboardShop.git,0,0,0,213,2,45,amoignet,angular
360,sweet-shop-frontend,AnastasiiaTk/sweet-shop-frontend,https://github.com/AnastasiiaTk/sweet-shop-frontend.git,0,0,19,6465,2,53,AnastasiiaTk,angular
361,shoppingCart-Angular-secuirty,zaki88-ahmed/shoppingCart-Angular-secuirty,https://github.com/zaki88-ahmed/shoppingCart-Angular-secuirty.git,0,0,2,559,2,139,zaki88-ahmed,angular
362,SpringBoot-Angular7-Online-Shopping-Store-Front,alexsantosfilho/SpringBoot-Angular7-Online-Shopping-Store-Front,https://github.com/alexsantosfilho/SpringBoot-Angular7-Online-Shopping-Store-Front.git,0,0,19,997,2,0,alexsantosfilho,angular
363,angular-ecom-shop,alexeagleson/angular-ecom-shop,https://github.com/alexeagleson/angular-ecom-shop.git,0,0,0,173,2,95,alexeagleson,angular
364,angular-shop-boilerplate,paulcaseys/angular-shop-boilerplate,https://github.com/paulcaseys/angular-shop-boilerplate.git,0,0,0,143,2,100,paulcaseys,angular
